Oud label (kolom J)	Genormaliseerd (kolom J)	Probleem categorie (kolom AA)	Rijen in export
Advies gegeven	Vraag / advies	Overig	488
Vraag over service	Vraag over service	Onderweg	304
Plaatsen / Naar boven tillen	Plaatsen / Naar boven tillen	Nazorg nodig	221
Klant niet bereikbaar / verkeerd nummer	Klant niet bereikbaar / verkeerd nummer	Onderweg	212
Advies gegeven aan KS	Vraag / advies	Overig	208
Adres niet gevonden / niet bereikbaar	Adres niet gevonden / niet bereikbaar	Onderweg	139
Trekschakelaar aansluiten	Trekschakelaar aansluiten	Nazorg nodig	128
KS vraagt om held terug te sturen	Held terugsturen (taak niet gespecificeerd)	Planning / administratie	121
Apparaat inbouwen (Keuken)	Apparaat inbouwen (Keuken)	Nazorg nodig	115
Milieuretour ophalen	Milieuretour ophalen	Nazorg nodig	88
Afhandeling buiten DS: Held moet dit bij afmelden regelen met TL	Buiten DS: held regelt met TL	Overig	76
Product niet aanwezig	Product niet aanwezig	Probleem bij de klant	73
Adres klopt niet	Adres klopt niet	Onderweg	68
Vraag over pakket: Pakket niet meegenomen / niet ingeladen	Pakket niet meegenomen / niet ingeladen	Pakket	61
KS: Advies gegeven aan KS	Vraag / advies	Overig	51
KS: KS vraagt om held terug te sturen	Held terugsturen (taak niet gespecificeerd)	Planning / administratie	47
Product past niet op gewenste plek — held geïnformeerd voor Jerney-afmelding	Product past niet op gewenste plek	Probleem bij de klant	36
TV ophangen en installeren	TV ophangen en installeren	Nazorg nodig	36
Klant niet thuis	Klant niet thuis	Onderweg	35
Afhandeling buiten DS: Klant moet KS bellen	Buiten DS: klant doorverwezen naar KS	Overig	33
Buiten DS-scope: klant moet zelf KS bellen	Buiten DS: klant doorverwezen naar KS	Overig	33
Onverwacht retour	Onverwacht retour	Probleem bij de klant	33
Onderweg: Advies gegeven	Vraag / advies	Overig	32
Schade / Defect	Schade / Defect	Probleem bij de klant	32
Onderweg: Adres niet gevonden / niet bereikbaar	Adres niet gevonden / niet bereikbaar	Onderweg	30
Onderweg: Adres klopt niet	Adres klopt niet	Onderweg	29
Vraag over pakket: Overige vraag over pakket	Overige vraag over pakket	Pakket	29
Onderweg: Vraag over service	Vraag over service	Onderweg	27
Pick-up (handmatig gepland)	Pick-up ophalen	Nazorg nodig	27
TV installeren	TV installeren	Nazorg nodig	25
Interne levering: Bezorger meldt ETA / is bijna er	Interne levering	Overig	24
Deur omdraaien	Deur omdraaien	Nazorg nodig	23
Onderweg: Klant niet thuis	Klant niet thuis	Onderweg	23
Andere vraag — Vraag beantwoord	Vraag / advies	Overig	20
KS: KS vraagt om held terug te sturen — Advies gegeven	Vraag / advies	Overig	15
KS vraagt om held terug te sturen — Advies gegeven	Vraag / advies	Overig	14
Nazorg nodig — Aansluiting controleren	Aansluiting controleren	Nazorg nodig	14
Bezorgadres/telefoonnummer klant doorgeven aan held	Adres of telefoonnummer doorgeven aan held	Planning / administratie	13
Nazorg nodig — Advies gegeven	Vraag / advies	Overig	13
Pick-up niet gelukt — held instructie gegeven voor Jerney (swap aanvragen)	Pick-up ophalen	Nazorg nodig	13
Afhandeling buiten DS: Product niet aanwezig	Product niet aanwezig	Probleem bij de klant	12
Depot / Hub vraag: Alarm / sleutelkastje hub	Depot/hub: alarm of sleutelkastje	Depot / hub	12
Depot / Hub vraag: Fiets kapot / incident	Depot/hub: voertuig kapot of incident	Depot / hub	12
Verkeerd gelabeld product	Verkeerd gelabeld product	Probleem bij de klant	12
Vraag om aanpassingen in rit — Aanpassing doorgegeven / bevestigd	Stop / tijdslot aanpassen	Planning / administratie	12
Nazorg nodig — Milieuretour / Pick-up ophalen	Pick-up ophalen	Nazorg nodig	11
			10
Afhandeling buiten DS: Overig	Buiten DS: overig	Overig	10
Afhandeling buiten DS: Verkeerd gelabeld product	Verkeerd gelabeld product	Probleem bij de klant	10
Onderweg: Adres niet gevonden	Adres niet gevonden / niet bereikbaar	Onderweg	10
Tijdslot aanpassing — Aanpassing niet mogelijk — product mee terug: Ja	Stop / tijdslot aanpassen	Planning / administratie	10
Vraag over pakket: Pakket niet meegenomen (manco)	Pakket niet meegenomen / niet ingeladen	Pakket	10
Aansluiting controleren	Aansluiting controleren	Nazorg nodig	9
Milieuretour past niet in bus	Milieuretour past niet in bus	Probleem bij de klant	9
Pick-up niet nodig — held geïnformeerd	Pick-up ophalen	Nazorg nodig	9
Service niet uitvoerbaar	Service niet uitvoerbaar	Probleem bij de klant	9
TV + Soundbar ophangen en installeren	TV + Soundbar ophangen en installeren	Nazorg nodig	9
Milieuretour / Pick-up ophalen (Milieuretour)	Pick-up ophalen	Nazorg nodig	8
Nazorg nodig — Apparaat inbouwen (Keuken)	Apparaat inbouwen (Keuken)	Nazorg nodig	8
Nazorg nodig — Plaatsen / Naar boven tillen	Plaatsen / Naar boven tillen	Nazorg nodig	8
Stapelkit plaatsen	Stapelkit plaatsen	Nazorg nodig	8
Adres niet gevonden	Adres niet gevonden / niet bereikbaar	Onderweg	7
KS: Bezorgadres/telefoonnummer klant doorgeven aan held	Adres of telefoonnummer doorgeven aan held	Planning / administratie	7
KS: Nazorg nodig — Advies gegeven	Vraag / advies	Overig	7
Blijverkoop vergeten	Blijverkoop vergeten	Nazorg nodig	6
KS vraagt om held terug te sturen — Aansluiting controleren	Aansluiting controleren	Nazorg nodig	6
KS: Nazorg nodig — Aansluiting controleren	Aansluiting controleren	Nazorg nodig	6
KS: Nazorg nodig — Plaatsen / Naar boven tillen	Plaatsen / Naar boven tillen	Nazorg nodig	6
Yeply: externe partner	Externe partner	Overig	6
TV + Soundbar installeren	TV + Soundbar installeren	Nazorg nodig	5
Technische Dienst: externe partner	Externe partner	Overig	5
Tijdslot aanpassing — Aanpassing doorgegeven aan held — product mee terug: Ja	Stop / tijdslot aanpassen	Planning / administratie	5
Afhandeling buiten DS: Held moet dit bij afmelden van de route regelen met TL	Buiten DS: held regelt met TL	Overig	4
G4S: externe partner	Externe partner	Overig	4
Nazorg niet gelukt — opmerking gemaakt, swap via KS aanvragen	Nazorg niet gelukt / swap aanvragen	Probleem bij de klant	4
Onderweg: Onderweg: Klant niet thuis	Klant niet thuis	Onderweg	4
Tijdslot aanpassing — Aanpassing doorgegeven aan held — product mee terug: Nee	Stop / tijdslot aanpassen	Planning / administratie	4
Tijdslot aanpassing — Aanpassing niet mogelijk — product mee terug: Nee	Stop / tijdslot aanpassen	Planning / administratie	4
Vraag over depot/hub: Sleutelkastje ophalen / code	Depot/hub: alarm of sleutelkastje	Depot / hub	4
Adres niet bereikbaar	Adres niet gevonden / niet bereikbaar	Onderweg	3
CBF stop aanpassen — Aanpassing niet mogelijk	Stop / tijdslot aanpassen	Planning / administratie	3
CBF stop aanpassen — Stop verwijderd — bevestigd	Stop / tijdslot aanpassen	Planning / administratie	3
KS vraagt om held terug te sturen — Milieuretour / Pick-up ophalen	Pick-up ophalen	Nazorg nodig	3
KS: Nazorg nodig — Milieuretour / Pick-up ophalen	Pick-up ophalen	Nazorg nodig	3
KS: Nazorg nodig — TV installeren	TV installeren	Nazorg nodig	3
Spullen achtergelaten bij klant	Spullen achtergelaten bij klant	Nazorg nodig	3
Vraag over pakket: Pakket verkeerd / beschadigd	Pakket verkeerd / beschadigd	Pakket	3
Vraag voor het depot: Fiets kapot / incident	Depot/hub: voertuig kapot of incident	Depot / hub	3
deur omdraaien	Deur omdraaien	Nazorg nodig	3
Advies gegeven (Pick-up)	Vraag / advies	Overig	2
CBF stop aanpassen — Stop doorgepland naar andere route	Stop / tijdslot aanpassen	Planning / administratie	2
Depot / Hub vraag: Ziekmelding	Depot/hub: ziekmelding	Depot / hub	2
KS: Nazorg nodig — Apparaat inbouwen (Keuken)	Apparaat inbouwen (Keuken)	Nazorg nodig	2
KS: Nazorg nodig — TV ophangen en installeren	TV ophangen en installeren	Nazorg nodig	2
KS: Nazorg nodig — Trekschakelaar aansluiten	Trekschakelaar aansluiten	Nazorg nodig	2
KS: Spullen achtergelaten bij klant	Spullen achtergelaten bij klant	Nazorg nodig	2
Klant moet KS bellen	Buiten DS: klant doorverwezen naar KS	Overig	2
Nazorg nodig — TV ophangen en installeren	TV ophangen en installeren	Nazorg nodig	2
Nazorg nodig — Trekschakelaar aansluiten	Trekschakelaar aansluiten	Nazorg nodig	2
Onderweg: Klant niet bereikbaar / verkeerd nummer	Klant niet bereikbaar / verkeerd nummer	Onderweg	2
Trekschakelaar	Trekschakelaar aansluiten	Nazorg nodig	2
Vraag om aanpassingen in rit — Niet mogelijk	Stop / tijdslot aanpassen	Planning / administratie	2
Vraag over depot/hub: Andere vraag over depot — Bus kapot	Depot/hub: voertuig kapot of incident	Depot / hub	2
Vraag voor het depot: Ziekmelding	Depot/hub: ziekmelding	Depot / hub	2
trekschakelaar	Trekschakelaar aansluiten	Nazorg nodig	2
Advies gegeven (Milieuretour)	Vraag / advies	Overig	1
Advies gegeven aan Winkel	Vraag / advies	Overig	1
Afhandeling buiten DS: Overig — Miliieuretour past niet in de bus	Buiten DS: overig	Overig	1
Afhandeling buiten DS: Overig — Vraag over tanken	Buiten DS: overig	Overig	1
Depot / Hub vraag: Andere vraag — Inlog probleem	Depot/hub: overige vraag	Depot / hub	1
Depot / Hub vraag: Andere vraag — Interne levering over hoelaat hij er is	Depot/hub: overige vraag	Depot / hub	1
Depot / Hub vraag: Andere vraag — Pakketje manco	Depot/hub: overige vraag	Depot / hub	1
Depot / Hub vraag: Andere vraag — Prive telefoon vragen	Depot/hub: overige vraag	Depot / hub	1
Depot / Hub vraag: Andere vraag — Problemen met collega	Depot/hub: overige vraag	Depot / hub	1
Depot / Hub vraag: Andere vraag — Rit rapport uitprinten uitleg	Depot/hub: overige vraag	Depot / hub	1
Depot / Hub vraag: Andere vraag — niemand aanwezig bij de winkel	Depot/hub: overige vraag	Depot / hub	1
Depot / Hub vraag: Andere vraag — pakketje wel of niet leveren	Depot/hub: overige vraag	Depot / hub	1
Depot / Hub vraag: Andere vraag — stops doorplannen	Depot/hub: overige vraag	Depot / hub	1
Er mist een wasmachine	Vraag / advies	Overig	1
Huis te goor om service te verlenen	Vraag / advies	Overig	1
Interne levering: Hub niet gevonden	Interne levering	Overig	1
KS vraagt om held terug te sturen — Apparaat inbouwen (Keuken)	Apparaat inbouwen (Keuken)	Nazorg nodig	1
KS vraagt om held terug te sturen — Drempel	Plaatsen / Naar boven tillen	Nazorg nodig	1
KS vraagt om held terug te sturen — Plaatsen / Naar boven tillen	Plaatsen / Naar boven tillen	Nazorg nodig	1
KS vraagt om held terug te sturen — drempel nazorg	Plaatsen / Naar boven tillen	Nazorg nodig	1
KS: Nazorg nodig — Jas vergeten	Vraag / advies	Overig	1
KS: Nazorg nodig — Stapelkit plaatsen	Stapelkit plaatsen	Nazorg nodig	1
Klant wil de omruiling op Zaterdag	Vraag / advies	Overig	1
Klant wil order annuleren omdat het al vaker fout is gegaan	Vraag / advies	Overig	1
Milieuretour / Pick-up ophalen (Pick-up)	Pick-up ophalen	Nazorg nodig	1
Milieuretour pick up	Pick-up ophalen	Nazorg nodig	1
Naleveren doosje	Vraag / advies	Overig	1
Nazorg nodig voor 26x TV ophangen	TV ophangen en installeren	Nazorg nodig	1
Nazorg nodig — Geen BI in de buurt	Vraag / advies	Overig	1
Nazorg nodig — TV + Soundbar installeren	TV + Soundbar installeren	Nazorg nodig	1
Nazorg nodig — TV installeren	TV installeren	Nazorg nodig	1
Nazorg nodig — herhaal drempel	Plaatsen / Naar boven tillen	Nazorg nodig	1
Ongeluk met hand	Vraag / advies	Overig	1
Vaatwasser inbouiwen	Vraag / advies	Overig	1
Vraag over depot/hub: Andere vraag over depot — Telefoon nummer depot nodig	Depot/hub: overige vraag	Depot / hub	1
Vraag over depot/hub: Andere vraag over depot — adres winkel leiden	Depot/hub: overige vraag	Depot / hub	1
Vraag over depot/hub: Andere vraag over depot — winkel levering nog steeds niemadn aanwezig	Depot/hub: overige vraag	Depot / hub	1
Vraag over pakket: Pakje niet ingeladen	Pakket niet meegenomen / niet ingeladen	Pakket	1
Vraag voor het depot: Anders — Afspraak na werk	Depot/hub: overige vraag	Depot / hub	1
Vraag voor het depot: Anders — Hulp met afmelden van de rit	Depot/hub: overige vraag	Depot / hub	1
Vraag voor het depot: Anders — Vraag over wachtwoord en inloggeen	Depot/hub: overige vraag	Depot / hub	1
Vraag voor het depot: Informeren waar de vracht is	Depot/hub: waar is de vracht	Depot / hub	1
Winkel: Advies gegeven aan Winkel	Vraag / advies	Overig	1
beugel te zwaar voor 1 man	Vraag / advies	Overig	1
geweigerd klant wenst geld terug	Vraag / advies	Overig	1
inbouwen	Apparaat inbouwen (Keuken)	Nazorg nodig	1
inbouwen vaatwasser	Apparaat inbouwen (Keuken)	Nazorg nodig	1
koelkast inbouwen	Apparaat inbouwen (Keuken)	Nazorg nodig	1
nbiet meer nodig	Vraag / advies	Overig	1
past niet	Product past niet op gewenste plek	Probleem bij de klant	1
pick up niet meer nodig	Pick-up ophalen	Nazorg nodig	1
plaatsen en aansluiten	Plaatsen / Naar boven tillen	Nazorg nodig	1
swap niet uitgevoerd	Nazorg niet gelukt / swap aanvragen	Probleem bij de klant	1
swap niet uitgevoerd. Niet meer nodig	Nazorg niet gelukt / swap aanvragen	Probleem bij de klant	1
verkeerd gelabeld product	Verkeerd gelabeld product	Probleem bij de klant	1
wasmachine staat nog aan	Vraag / advies	Overig	1
Pick-up ophalen	Pick-up ophalen	Nazorg nodig	0
Product past niet op gewenste plek	Product past niet op gewenste plek	Probleem bij de klant	0
Nazorg niet gelukt / swap aanvragen	Nazorg niet gelukt / swap aanvragen	Probleem bij de klant	0
Pakket niet meegenomen / niet ingeladen	Pakket niet meegenomen / niet ingeladen	Pakket	0
Pakket verkeerd / beschadigd	Pakket verkeerd / beschadigd	Pakket	0
Overige vraag over pakket	Overige vraag over pakket	Pakket	0
Depot/hub: ziekmelding	Depot/hub: ziekmelding	Depot / hub	0
Depot/hub: alarm of sleutelkastje	Depot/hub: alarm of sleutelkastje	Depot / hub	0
Depot/hub: voertuig kapot of incident	Depot/hub: voertuig kapot of incident	Depot / hub	0
Depot/hub: waar is de vracht	Depot/hub: waar is de vracht	Depot / hub	0
Depot/hub: overige vraag	Depot/hub: overige vraag	Depot / hub	0
Stop / tijdslot aanpassen	Stop / tijdslot aanpassen	Planning / administratie	0
Adres of telefoonnummer doorgeven aan held	Adres of telefoonnummer doorgeven aan held	Planning / administratie	0
Held terugsturen (taak niet gespecificeerd)	Held terugsturen (taak niet gespecificeerd)	Planning / administratie	0
Vraag / advies	Vraag / advies	Overig	0
Interne levering	Interne levering	Overig	0
Externe partner	Externe partner	Overig	0
Buiten DS: held regelt met TL	Buiten DS: held regelt met TL	Overig	0
Buiten DS: klant doorverwezen naar KS	Buiten DS: klant doorverwezen naar KS	Overig	0
Buiten DS: overig	Buiten DS: overig	Overig	0
